chrom,start,end,site_id,score,strand,gene_name,gene_type,region,support_num
chr1,986900,986901,PseudoU_site_9,0.0,+,AGRN,protein_coding,cds,1
chr1,1387772,1387773,PseudoU_site_15,0.0,+,ATAD3C,protein_coding,cds,1
chr1,3545544,3545545,PseudoU_site_19,0.0,+,TPRG1L,protein_coding,utr3,1
chr1,6585426,6585427,PseudoU_site_22,0.0,-,NOL9,protein_coding,utr3,1
chr1,6683666,6683667,PseudoU_site_23,0.0,+,PHF13,protein_coding,utr3,2
chr1,11187780,11187781,PseudoU_site_33,0.0,-,MTOR,protein_coding,cds,1
chr1,11985920,11985921,PseudoU_site_40,0.0,-,KIAA2013,protein_coding,cds,1
chr1,16889367,16889368,PseudoU_site_48,0.0,-,NBPF1,protein_coding,utr3,1
chr1,16889752,16889753,PseudoU_site_49,0.0,-,NBPF1,protein_coding,utr3,1
chr1,20809027,20809028,PseudoU_site_65,0.0,-,CAMK2N1,protein_coding,utr3,1
chr1,20964398,20964399,PseudoU_site_66,0.0,+,PINK1,protein_coding,cds,1
chr1,21180082,21180083,PseudoU_site_68,0.0,-,EIF4G3,protein_coding,cds,1
chr1,21810947,21810948,PseudoU_site_70,0.0,+,NBPF3,protein_coding,utr3,1
chr1,22005518,22005519,PseudoU_site_71,0.0,-,USP48,protein_coding,utr3,1
chr1,22418988,22418989,PseudoU_site_73,0.0,+,CDC42,protein_coding,utr3,1
chr1,23418217,23418218,PseudoU_site_75,0.0,-,LUZP1,protein_coding,cds,1
chr1,24086844,24086845,PseudoU_site_76,0.0,+,TCEB3,protein_coding,utr3,1
chr1,28087820,28087821,PseudoU_site_90,0.0,+,FAM76A,protein_coding,utr3,1
chr1,31342451,31342452,PseudoU_site_98,0.0,-,SDC3,protein_coding,utr3,1
chr1,31837325,31837326,PseudoU_site_100,0.0,+,ZCCHC17,protein_coding,utr3,1
chr1,33151524,33151525,PseudoU_site_109,0.0,+,RBBP4,protein_coding,utr3,1
chr1,33475791,33475792,PseudoU_site_111,0.0,-,AK2,protein_coding,utr3,1
chr1,35824684,35824685,PseudoU_site_117,0.0,+,ZMYM4,protein_coding,cds,1
chr1,35899165,35899166,PseudoU_site_118,0.0,-,KIAA0319L,protein_coding,utr3,1
chr1,36068933,36068934,PseudoU_site_119,0.0,-,PSMB2,protein_coding,cds,2
chr1,36752688,36752689,PseudoU_site_120,0.0,+,THRAP3,protein_coding,cds,1
chr1,41088350,41088351,PseudoU_site_130,0.0,-,RIMS3,protein_coding,utr3,1
chr1,41088495,41088496,PseudoU_site_131,0.0,-,RIMS3,protein_coding,utr3,1
chr1,43167953,43167954,PseudoU_site_133,0.0,+,YBX1,protein_coding,utr3,1
chr1,43391914,43391915,PseudoU_site_134,0.0,-,SLC2A1,protein_coding,utr3,1
chr1,43392397,43392398,PseudoU_site_135,0.0,-,SLC2A1,protein_coding,utr3,2
chr1,43392398,43392399,PseudoU_site_136,0.0,-,SLC2A1,protein_coding,utr3,1
chr1,43826538,43826539,PseudoU_site_140,0.0,+,CDC20,protein_coding,cds,1
chr1,44456314,44456315,PseudoU_site_145,0.0,+,B4GALT2,protein_coding,utr3,1
chr1,45476954,45476955,PseudoU_site_157,0.0,-,HECTD3,protein_coding,utr5,1
chr1,47184172,47184173,PseudoU_site_171,0.0,-,EFCAB14,protein_coding,utr5,1
chr1,47716401,47716402,PseudoU_site_172,0.0,-,STIL,protein_coding,utr3,1
chr1,47716787,47716788,PseudoU_site_173,0.0,-,STIL,protein_coding,utr3,1
chr1,51910674,51910675,PseudoU_site_175,0.0,-,EPS15,protein_coding,cds,1
chr1,52553040,52553041,PseudoU_site_177,0.0,+,BTF3L4,protein_coding,utr3,1
chr1,53152957,53152958,PseudoU_site_178,0.0,-,COA7,protein_coding,utr3,1
chr1,55315669,55315670,PseudoU_site_190,0.0,-,DHCR24,protein_coding,utr3,1
chr1,55532292,55532293,PseudoU_site_191,0.0,-,USP24,protein_coding,utr3,1
chr1,55534757,55534758,PseudoU_site_192,0.0,-,USP24,protein_coding,cds,1
chr1,55575874,55575875,PseudoU_site_193,0.0,-,USP24,protein_coding,cds,1
chr1,62920881,62920882,PseudoU_site_198,0.0,-,DOCK7,protein_coding,utr3,1
chr1,67466199,67466200,PseudoU_site_201,0.0,-,SLC35D1,protein_coding,utr3,1
chr1,78342706,78342707,PseudoU_site_210,0.0,+,FAM73A,protein_coding,utr3,1
chr1,89300163,89300164,PseudoU_site_216,0.0,+,PKN2,protein_coding,utr3,1
chr1,94354668,94354669,PseudoU_site_240,0.0,-,GCLM,protein_coding,cds,1
chr1,100658712,100658713,PseudoU_site_241,0.0,-,DBT,protein_coding,utr3,1
chr1,100756965,100756966,PseudoU_site_242,0.0,+,RTCA,protein_coding,cds,1
chr1,101339966,101339967,PseudoU_site_243,0.0,-,EXTL2,protein_coding,cds,1
chr1,107599755,107599756,PseudoU_site_246,0.0,+,PRMT6,protein_coding,cds,1
chr1,109440641,109440642,PseudoU_site_247,0.0,+,GPSM2,protein_coding,cds,1
chr1,109639451,109639452,PseudoU_site_248,0.0,+,TMEM167B,protein_coding,utr3,1
chr1,113213326,113213327,PseudoU_site_256,0.0,+,CAPZA1,protein_coding,utr3,1
chr1,113455393,113455394,PseudoU_site_259,0.0,-,SLC16A1,protein_coding,utr3,1
chr1,114515895,114515896,PseudoU_site_261,0.0,+,HIPK1,protein_coding,cds,1
chr1,114519997,114519998,PseudoU_site_262,0.0,+,HIPK1,protein_coding,utr3,1
chr1,116941380,116941381,PseudoU_site_268,0.0,+,ATP1A1,protein_coding,cds,1
chr1,117529580,117529581,PseudoU_site_269,0.0,+,PTGFRN,protein_coding,cds,1
chr1,120163098,120163099,PseudoU_site_272,0.0,-,ZNF697,protein_coding,utr3,1
chr1,143767241,143767242,PseudoU_site_278,0.0,-,PPIAL4G,protein_coding,utr3,1
chr1,143767266,143767267,PseudoU_site_279,0.0,-,PPIAL4G,protein_coding,utr3,1
chr1,144363501,144363502,PseudoU_site_280,0.0,-,PPIAL4B,protein_coding,utr3,1
chr1,144363564,144363565,PseudoU_site_281,0.0,-,PPIAL4B,protein_coding,utr3,1
chr1,144363589,144363590,PseudoU_site_282,0.0,-,PPIAL4B,protein_coding,utr3,1
chr1,145369368,145369369,PseudoU_site_293,0.0,+,NBPF10,protein_coding,utr3,1
chr1,145369753,145369754,PseudoU_site_294,0.0,+,NBPF10,protein_coding,utr3,1
chr1,146466252,146466253,PseudoU_site_308,0.0,+,NBPF12,protein_coding,utr3,1
chr1,146466805,146466806,PseudoU_site_309,0.0,+,NBPF12,protein_coding,utr3,1
chr1,147954674,147954675,PseudoU_site_327,0.0,-,PPIAL4A,protein_coding,utr3,1
chr1,147954737,147954738,PseudoU_site_328,0.0,-,PPIAL4A,protein_coding,utr3,1
chr1,147954762,147954763,PseudoU_site_329,0.0,-,PPIAL4A,protein_coding,utr3,1
chr1,148003862,148003863,PseudoU_site_333,0.0,-,NBPF14,protein_coding,utr3,1
chr1,148201791,148201792,PseudoU_site_334,0.0,-,PPIAL4D,protein_coding,utr3,1
chr1,148201854,148201855,PseudoU_site_335,0.0,-,PPIAL4D,protein_coding,utr3,1
chr1,148201879,148201880,PseudoU_site_336,0.0,-,PPIAL4D,protein_coding,utr3,1
chr1,148250804,148250805,PseudoU_site_340,0.0,-,NBPF20,protein_coding,utr3,1
chr1,148251189,148251190,PseudoU_site_341,0.0,-,NBPF20,protein_coding,utr3,1
chr1,148595324,148595325,PseudoU_site_342,0.0,+,NBPF15,protein_coding,utr3,1
chr1,148757368,148757369,PseudoU_site_345,0.0,+,NBPF16,protein_coding,utr3,1
chr1,148757753,148757754,PseudoU_site_346,0.0,+,NBPF16,protein_coding,utr3,1
chr1,149553746,149553747,PseudoU_site_361,0.0,+,PPIAL4C,protein_coding,utr3,1
chr1,149875142,149875143,PseudoU_site_365,0.0,-,SV2A,protein_coding,utr3,1
chr1,150191135,150191136,PseudoU_site_367,0.0,-,ANP32E,protein_coding,utr3,1
chr1,150237937,150237938,PseudoU_site_368,0.0,-,APH1A,protein_coding,utr3,1
chr1,150280719,150280720,PseudoU_site_370,0.0,+,MRPS21,protein_coding,utr3,1
chr1,150547166,150547167,PseudoU_site_371,0.0,-,MCL1,protein_coding,utr3,1
chr1,150547590,150547591,PseudoU_site_372,0.0,-,MCL1,protein_coding,utr3,1
chr1,150551449,150551450,PseudoU_site_374,0.0,-,MCL1,protein_coding,cds,1
chr1,151132670,151132671,PseudoU_site_378,0.0,-,LYSMD1,protein_coding,utr3,1
chr1,151966318,151966319,PseudoU_site_380,0.0,-,S100A10,protein_coding,utr5,1
chr1,153777463,153777464,PseudoU_site_383,0.0,-,GATAD2B,protein_coding,utr3,1
chr1,153932204,153932205,PseudoU_site_384,0.0,-,SLC39A1,protein_coding,utr3,1
chr1,153932909,153932910,PseudoU_site_385,0.0,-,SLC39A1,protein_coding,cds,1
chr1,155870014,155870015,PseudoU_site_394,0.0,-,RIT1,protein_coding,utr3,1
chr1,156005876,156005877,PseudoU_site_396,0.0,-,UBQLN4,protein_coding,utr3,1
chr1,156314407,156314408,PseudoU_site_397,0.0,+,TSACC,protein_coding,cds,1
chr1,159997908,159997909,PseudoU_site_400,0.0,-,PIGM,protein_coding,utr3,1
chr1,160062997,160062998,PseudoU_site_401,0.0,-,IGSF8,protein_coding,cds,1
chr1,160259741,160259742,PseudoU_site_409,0.0,-,COPA,protein_coding,utr3,1
chr1,160328535,160328536,PseudoU_site_410,0.0,+,NCSTN,protein_coding,utr3,1
chr1,160396364,160396365,PseudoU_site_411,0.0,+,VANGL2,protein_coding,utr3,1
chr1,161751724,161751725,PseudoU_site_459,0.0,+,ATF6,protein_coding,cds,1
chr1,162495183,162495184,PseudoU_site_460,0.0,+,UHMK1,protein_coding,utr3,1
chr1,162756301,162756302,PseudoU_site_461,0.0,+,DDR2,protein_coding,utr3,1
chr1,163317620,163317621,PseudoU_site_462,0.0,+,NUF2,protein_coding,cds,1
chr1,166823413,166823414,PseudoU_site_465,0.0,+,POGK,protein_coding,utr3,2
chr1,171562426,171562427,PseudoU_site_471,0.0,+,PRRC2C,protein_coding,utr3,1
chr1,173457781,173457782,PseudoU_site_474,0.0,+,PRDX6,protein_coding,utr3,1
chr1,173755452,173755453,PseudoU_site_475,0.0,+,KLHL20,protein_coding,utr3,1
chr1,180854268,180854269,PseudoU_site_484,0.0,+,XPR1,protein_coding,utr3,1
chr1,182841536,182841537,PseudoU_site_486,0.0,+,DHX9,protein_coding,cds,1
chr1,185088363,185088364,PseudoU_site_490,0.0,-,TRMT1L,protein_coding,utr3,1
chr1,186281822,186281823,PseudoU_site_492,0.0,-,TPR,protein_coding,utr3,1
chr1,192983142,192983143,PseudoU_site_493,0.0,-,UCHL5,protein_coding,utr3,1
chr1,200633138,200633139,PseudoU_site_495,0.0,-,DDX59,protein_coding,cds,1
chr1,201827638,201827639,PseudoU_site_496,0.0,+,IPO9,protein_coding,cds,1
chr1,202894157,202894158,PseudoU_site_498,0.0,-,KLHL12,protein_coding,cds,1
chr1,204379715,204379716,PseudoU_site_499,0.0,-,PPP1R15B,protein_coding,cds,1
chr1,205685738,205685739,PseudoU_site_502,0.0,-,NUCKS1,protein_coding,utr3,1
chr1,207253623,207253624,PseudoU_site_504,0.0,+,PFKFB2,protein_coding,utr3,1
chr1,211836679,211836680,PseudoU_site_509,0.0,-,NEK2,protein_coding,utr3,1
chr1,215781432,215781433,PseudoU_site_512,0.0,+,KCTD3,protein_coding,cds,1
chr1,217784254,217784255,PseudoU_site_513,0.0,-,GPATCH2,protein_coding,cds,1
chr1,220756070,220756071,PseudoU_site_520,0.0,+,MARK1,protein_coding,intron,1
chr1,220871788,220871789,PseudoU_site_521,0.0,+,C1orf115,protein_coding,utr3,1
chr1,225589589,225589590,PseudoU_site_524,0.0,-,LBR,protein_coding,utr3,1
chr1,226027677,226027678,PseudoU_site_526,0.0,+,EPHX1,protein_coding,cds,1
chr1,226420018,226420019,PseudoU_site_527,0.0,-,LIN9,protein_coding,utr3,1
chr1,227178563,227178564,PseudoU_site_529,0.0,-,CDC42BPA,protein_coding,utr3,1
chr1,228675515,228675516,PseudoU_site_531,0.0,+,RNF187,protein_coding,utr5,1
chr1,228879514,228879515,PseudoU_site_532,0.0,+,RHOU,protein_coding,utr3,1
chr1,229644072,229644073,PseudoU_site_533,0.0,-,NUP133,protein_coding,utr5,1
chr1,229729427,229729428,PseudoU_site_534,0.0,-,TAF5L,protein_coding,utr3,1
chr1,230974301,230974302,PseudoU_site_537,0.0,-,C1orf198,protein_coding,utr3,1
chr1,235715051,235715052,PseudoU_site_541,0.0,-,GNG4,protein_coding,utr3,1
chr1,241683008,241683009,PseudoU_site_558,0.0,-,FH,protein_coding,cds,1
chr1,243664200,243664201,PseudoU_site_565,0.0,-,AKT3,protein_coding,intron,1
chr10,871743,871744,PseudoU_site_578,0.0,-,LARP4B,protein_coding,cds,1
chr10,1177348,1177349,PseudoU_site_580,0.0,+,WDR37,protein_coding,utr3,1
chr10,3154463,3154464,PseudoU_site_581,0.0,+,PFKP,protein_coding,cds,1
chr10,3177479,3177480,PseudoU_site_582,0.0,+,PFKP,protein_coding,intron,1
chr10,13360772,13360773,PseudoU_site_588,0.0,-,SEPHS1,protein_coding,utr3,1
chr10,15256121,15256122,PseudoU_site_590,0.0,-,FAM171A1,protein_coding,cds,1
chr10,28909816,28909817,PseudoU_site_604,0.0,+,WAC,protein_coding,utr3,1
chr10,45499101,45499102,PseudoU_site_614,0.0,+,ZNF22,protein_coding,cds,1
chr10,47943648,47943649,PseudoU_site_620,0.0,+,FAM21B,protein_coding,cds,1
chr10,51027262,51027263,PseudoU_site_627,0.0,-,PARG,protein_coding,utr3,1
chr10,60155163,60155164,PseudoU_site_632,0.0,+,TFAM,protein_coding,utr3,1
chr10,61412386,61412387,PseudoU_site_633,0.0,-,SLC16A9,protein_coding,utr3,1
chr10,72181783,72181784,PseudoU_site_637,0.0,+,EIF4EBP2,protein_coding,utr3,1
chr10,72299408,72299409,PseudoU_site_638,0.0,+,PALD1,protein_coding,cds,1
chr10,73062054,73062055,PseudoU_site_640,0.0,+,UNC5B,protein_coding,utr3,1
chr10,73576420,73576421,PseudoU_site_641,0.0,-,PSAP,protein_coding,utr3,2
chr10,74092872,74092873,PseudoU_site_643,0.0,-,DNAJB12,protein_coding,utr3,1
chr10,75541823,75541824,PseudoU_site_646,0.0,+,CHCHD1,protein_coding,utr5,1
chr10,75877868,75877869,PseudoU_site_648,0.0,+,VCL,protein_coding,cds,1
chr10,75878136,75878137,PseudoU_site_649,0.0,+,VCL,protein_coding,utr3,1
chr10,75881899,75881900,PseudoU_site_650,0.0,-,AP3M1,protein_coding,utr3,1
chr10,76468177,76468178,PseudoU_site_651,0.0,+,ADK,protein_coding,cds,1
chr10,81075359,81075360,PseudoU_site_656,0.0,+,ZMIZ1,protein_coding,utr3,1
chr10,81272965,81272966,PseudoU_site_657,0.0,+,EIF5AL1,protein_coding,utr3,1
chr10,82191793,82191794,PseudoU_site_659,0.0,+,FAM213A,protein_coding,cds,1
chr10,85901297,85901298,PseudoU_site_660,0.0,+,GHITM,protein_coding,cds,1
chr10,88810643,88810644,PseudoU_site_664,0.0,-,GLUD1,protein_coding,utr3,1
chr10,89506653,89506654,PseudoU_site_665,0.0,+,PAPSS2,protein_coding,utr3,1
chr10,89624074,89624075,PseudoU_site_666,0.0,+,PTEN,protein_coding,utr5,1
chr10,90974526,90974527,PseudoU_site_667,0.0,-,LIPA,protein_coding,utr3,1
chr10,93602097,93602098,PseudoU_site_668,0.0,+,TNKS2,protein_coding,cds,1
chr10,94112241,94112242,PseudoU_site_672,0.0,+,MARCH5,protein_coding,utr3,1
chr10,94212306,94212307,PseudoU_site_673,0.0,-,IDE,protein_coding,utr3,1
chr10,95256660,95256661,PseudoU_site_675,0.0,+,CEP55,protein_coding,utr5,1
chr10,95288735,95288736,PseudoU_site_676,0.0,+,CEP55,protein_coding,utr3,1
chr10,99330449,99330450,PseudoU_site_687,0.0,+,UBTD1,protein_coding,utr3,1
chr10,99433697,99433698,PseudoU_site_688,0.0,+,PI4K2A,protein_coding,utr3,1
chr10,99435528,99435529,PseudoU_site_689,0.0,+,PI4K2A,protein_coding,utr3,1
chr10,101472289,101472290,PseudoU_site_692,0.0,-,COX15,protein_coding,utr3,1
chr10,102107175,102107176,PseudoU_site_695,0.0,+,SCD,protein_coding,utr5,1
chr10,102309108,102309109,PseudoU_site_696,0.0,+,HIF1AN,protein_coding,utr3,1
chr10,102312331,102312332,PseudoU_site_697,0.0,+,HIF1AN,protein_coding,utr3,1
chr10,102675774,102675775,PseudoU_site_698,0.0,+,FAM178A,protein_coding,cds,1
chr10,102763811,102763812,PseudoU_site_699,0.0,+,LZTS2,protein_coding,cds,1
chr10,103826726,103826727,PseudoU_site_701,0.0,+,HPS6,protein_coding,cds,1
chr10,104122274,104122275,PseudoU_site_704,0.0,+,GBF1,protein_coding,cds,1
chr10,105148766,105148767,PseudoU_site_711,0.0,+,TAF5,protein_coding,utr3,1
chr10,116734956,116734957,PseudoU_site_722,0.0,+,TRUB1,protein_coding,cds,1
chr10,118434889,118434890,PseudoU_site_723,0.0,-,HSPA12A,protein_coding,cds,1
chr10,120832492,120832493,PseudoU_site_726,0.0,-,EIF3A,protein_coding,cds,2
chr10,121590689,121590690,PseudoU_site_729,0.0,-,MCMBP,protein_coding,utr3,1
chr10,126655265,126655266,PseudoU_site_732,0.0,+,ZRANB1,protein_coding,cds,1
chr10,126674695,126674696,PseudoU_site_734,0.0,+,ZRANB1,protein_coding,utr3,1
chr10,131635241,131635242,PseudoU_site_735,0.0,-,EBF3,protein_coding,utr3,1
chr11,207764,207765,PseudoU_site_739,0.0,+,RIC8A,protein_coding,utr5,1
chr11,208466,208467,PseudoU_site_740,0.0,+,RIC8A,protein_coding,utr5,1
chr11,3849301,3849302,PseudoU_site_753,0.0,-,RHOG,protein_coding,cds,1
chr11,4113736,4113737,PseudoU_site_756,0.0,+,STIM1,protein_coding,utr3,1
chr11,8126773,8126774,PseudoU_site_761,0.0,+,TUB,protein_coding,utr3,1
chr11,8969653,8969654,PseudoU_site_763,0.0,-,TMEM9B,protein_coding,utr3,1
chr11,9450119,9450120,PseudoU_site_767,0.0,+,IPO7,protein_coding,cds,1
chr11,9467820,9467821,PseudoU_site_768,0.0,+,IPO7,protein_coding,utr3,1
chr11,10530266,10530267,PseudoU_site_769,0.0,-,MTRNR2L8,protein_coding,utr5,1
chr11,10781837,10781838,PseudoU_site_770,0.0,+,CTR9,protein_coding,cds,1
chr11,10800870,10800871,PseudoU_site_771,0.0,+,CTR9,protein_coding,utr3,1
chr11,10801088,10801089,PseudoU_site_772,0.0,+,CTR9,protein_coding,utr3,1
chr11,12961846,12961847,PseudoU_site_774,0.0,+,TEAD1,protein_coding,utr3,1
chr11,12964730,12964731,PseudoU_site_775,0.0,+,TEAD1,protein_coding,utr3,1
chr11,12965929,12965930,PseudoU_site_776,0.0,+,TEAD1,protein_coding,utr3,1
chr11,20388755,20388756,PseudoU_site_784,0.0,+,HTATIP2,protein_coding,cds,1
chr11,28058048,28058049,PseudoU_site_788,0.0,-,KIF18A,protein_coding,cds,1
chr11,34135341,34135342,PseudoU_site_790,0.0,+,NAT10,protein_coding,cds,1
chr11,35828757,35828758,PseudoU_site_791,0.0,+,TRIM44,protein_coding,utr3,1
chr11,44265925,44265926,PseudoU_site_795,0.0,+,EXT2,protein_coding,utr3,1
chr11,44283919,44283920,PseudoU_site_796,0.0,-,ALX4,protein_coding,utr3,1
chr11,47819793,47819794,PseudoU_site_800,0.0,-,NUP160,protein_coding,cds,1
chr11,57244898,57244899,PseudoU_site_804,0.0,+,RTN4RL2,protein_coding,utr3,1
chr11,59568979,59568980,PseudoU_site_816,0.0,+,STX3,protein_coding,utr3,1
chr11,63392889,63392890,PseudoU_site_845,0.0,-,ATL3,protein_coding,utr3,1
chr11,63526955,63526956,PseudoU_site_847,0.0,+,RTN3,protein_coding,utr3,1
chr11,67351290,67351291,PseudoU_site_880,0.0,+,GSTP1,protein_coding,utr5,1
chr11,70049574,70049575,PseudoU_site_887,0.0,+,FADD,protein_coding,cds,1
chr11,76261830,76261831,PseudoU_site_901,0.0,+,C11orf30,protein_coding,utr3,1
chr11,93862520,93862521,PseudoU_site_922,0.0,+,PANX1,protein_coding,cds,1
chr11,94204839,94204840,PseudoU_site_925,0.0,-,MRE11A,protein_coding,cds,1
chr11,94607528,94607529,PseudoU_site_926,0.0,+,AMOTL1,protein_coding,utr3,2
chr11,95565017,95565018,PseudoU_site_927,0.0,+,CEP57,protein_coding,utr3,1
chr11,102267156,102267157,PseudoU_site_930,0.0,-,TMEM123,protein_coding,utr3,1
chr11,102267320,102267321,PseudoU_site_931,0.0,-,TMEM123,protein_coding,utr3,1
chr11,106695255,106695256,PseudoU_site_935,0.0,-,GUCY1A2,protein_coding,intron,1
chr11,106695414,106695415,PseudoU_site_936,0.0,-,GUCY1A2,protein_coding,intron,1
chr11,111594988,111594989,PseudoU_site_938,0.0,+,SIK2,protein_coding,utr3,1
chr11,111753291,111753292,PseudoU_site_941,0.0,+,C11orf1,protein_coding,cds,1
chr11,111896086,111896087,PseudoU_site_943,0.0,+,DLAT,protein_coding,utr5,1
chr11,111955590,111955591,PseudoU_site_944,0.0,+,C11orf57,protein_coding,utr3,1
chr11,118415377,118415378,PseudoU_site_954,0.0,-,IFT46,protein_coding,utr3,1
chr11,120100384,120100385,PseudoU_site_960,0.0,+,OAF,protein_coding,utr3,1
chr11,122669677,122669678,PseudoU_site_963,0.0,+,UBASH3B,protein_coding,cds,1
chr11,124829878,124829879,PseudoU_site_969,0.0,+,CCDC15,protein_coding,cds,1
chr11,126126630,126126631,PseudoU_site_970,0.0,+,FAM118B,protein_coding,cds,1
chr11,134116403,134116404,PseudoU_site_976,0.0,+,VPS26B,protein_coding,utr3,1
chr12,994915,994916,PseudoU_site_978,0.0,+,WNK1,protein_coding,cds,1
chr12,7046398,7046399,PseudoU_site_995,0.0,+,ATN1,protein_coding,cds,1
chr12,7046446,7046447,PseudoU_site_996,0.0,+,ATN1,protein_coding,cds,1
chr12,7187816,7187817,PseudoU_site_998,0.0,-,C1R,protein_coding,utr3,1
chr12,8207479,8207480,PseudoU_site_1002,0.0,+,FOXJ2,protein_coding,utr3,1
chr12,12618700,12618701,PseudoU_site_1009,0.0,+,LOH12CR1,protein_coding,cds,1
chr12,20833586,20833587,PseudoU_site_1020,0.0,+,PDE3A,protein_coding,utr3,1
chr12,21670737,21670738,PseudoU_site_1024,0.0,+,GOLT1B,protein_coding,utr3,1
chr12,29546931,29546932,PseudoU_site_1031,0.0,+,OVCH1-AS1,protein_coding,intron,1
chr12,42481419,42481420,PseudoU_site_1039,0.0,-,GXYLT1,protein_coding,utr3,1
chr12,46579499,46579500,PseudoU_site_1046,0.0,-,SLC38A1,protein_coding,utr3,1
chr12,48064108,48064109,PseudoU_site_1048,0.0,-,RPAP3,protein_coding,cds,1
chr12,49420102,49420103,PseudoU_site_1049,0.0,-,KMT2D,protein_coding,cds,1
chr12,51488229,51488230,PseudoU_site_1055,0.0,-,TFCP2,protein_coding,utr3,1
chr12,51488743,51488744,PseudoU_site_1056,0.0,-,TFCP2,protein_coding,utr3,1
chr12,54633388,54633389,PseudoU_site_1065,0.0,-,CBX5,protein_coding,utr3,1
chr12,56435820,56435821,PseudoU_site_1073,0.0,+,RPS26,protein_coding,utr5,1
chr12,57005657,57005658,PseudoU_site_1078,0.0,-,BAZ2A,protein_coding,cds,1
chr12,57910545,57910546,PseudoU_site_1084,0.0,-,DDIT3,protein_coding,utr3,1
chr12,58350827,58350828,PseudoU_site_1088,0.0,+,XRCC6BP1,protein_coding,utr3,1
chr12,64842287,64842288,PseudoU_site_1092,0.0,+,XPOT,protein_coding,utr3,1
chr12,65108118,65108119,PseudoU_site_1093,0.0,-,GNS,protein_coding,utr3,1
chr12,66358247,66358248,PseudoU_site_1094,0.0,+,HMGA2,protein_coding,utr3,1
chr12,70748191,70748192,PseudoU_site_1099,0.0,+,CNOT2,protein_coding,utr3,1
chr12,70748717,70748718,PseudoU_site_1100,0.0,+,CNOT2,protein_coding,utr3,1
chr12,70825280,70825281,PseudoU_site_1101,0.0,+,KCNMB4,protein_coding,utr3,1
chr12,76740291,76740292,PseudoU_site_1102,0.0,-,BBS10,protein_coding,cds,1
chr12,76741382,76741383,PseudoU_site_1103,0.0,-,BBS10,protein_coding,cds,1
chr12,76748437,76748438,PseudoU_site_1104,0.0,-,OSBPL8,protein_coding,utr3,1
chr12,88471664,88471665,PseudoU_site_1110,0.0,-,CEP290,protein_coding,cds,1
chr12,88477687,88477688,PseudoU_site_1111,0.0,-,CEP290,protein_coding,cds,1
chr12,95909324,95909325,PseudoU_site_1118,0.0,+,METAP2,protein_coding,utr3,1
chr12,97337436,97337437,PseudoU_site_1122,0.0,+,NEDD1,protein_coding,cds,1
chr12,100451425,100451426,PseudoU_site_1130,0.0,-,UHRF1BP1L,protein_coding,cds,1
chr12,100453748,100453749,PseudoU_site_1131,0.0,-,UHRF1BP1L,protein_coding,cds,1
chr12,101789149,101789150,PseudoU_site_1133,0.0,-,ARL1,protein_coding,utr3,1
chr12,101789188,101789189,PseudoU_site_1134,0.0,-,ARL1,protein_coding,utr3,1
chr12,106460443,106460444,PseudoU_site_1141,0.0,-,NUAK1,protein_coding,utr3,1
chr12,110565260,110565261,PseudoU_site_1148,0.0,+,IFT81,protein_coding,cds,1
chr12,110897574,110897575,PseudoU_site_1151,0.0,-,GPN3,protein_coding,cds,1
chr12,110929516,110929517,PseudoU_site_1152,0.0,-,VPS29,protein_coding,utr3,1
chr12,112080788,112080789,PseudoU_site_1154,0.0,-,BRAP,protein_coding,utr3,1
chr12,112460512,112460513,PseudoU_site_1158,0.0,+,ERP29,protein_coding,utr3,1
chr12,112460649,112460650,PseudoU_site_1159,0.0,+,ERP29,protein_coding,utr3,1
chr12,112460662,112460663,PseudoU_site_1160,0.0,+,ERP29,protein_coding,utr3,1
chr12,112947010,112947011,PseudoU_site_1161,0.0,+,PTPN11,protein_coding,utr3,1
chr12,113629359,113629360,PseudoU_site_1162,0.0,+,RITA1,protein_coding,cds,1
chr12,116398741,116398742,PseudoU_site_1167,0.0,-,MED13L,protein_coding,utr3,1
chr12,117582817,117582818,PseudoU_site_1169,0.0,-,FBXO21,protein_coding,utr3,1
chr12,118471953,118471954,PseudoU_site_1170,0.0,-,WSB2,protein_coding,utr3,1
chr12,120295432,120295433,PseudoU_site_1174,0.0,-,CIT,protein_coding,cds,1
chr12,120780571,120780572,PseudoU_site_1182,0.0,-,MSI1,protein_coding,utr3,1
chr12,120941480,120941481,PseudoU_site_1183,0.0,-,COQ5,protein_coding,utr3,1
chr12,121125001,121125002,PseudoU_site_1185,0.0,+,MLEC,protein_coding,utr5,1
chr12,121158453,121158454,PseudoU_site_1187,0.0,+,UNC119B,protein_coding,utr3,1
chr12,121201269,121201270,PseudoU_site_1188,0.0,-,SPPL3,protein_coding,utr3,1
chr12,121201853,121201854,PseudoU_site_1189,0.0,-,SPPL3,protein_coding,utr3,1
chr12,122270290,122270291,PseudoU_site_1191,0.0,+,SETD1B,protein_coding,utr3,1
chr12,122628589,122628590,PseudoU_site_1192,0.0,+,MLXIP,protein_coding,utr3,1
chr12,123746232,123746233,PseudoU_site_1197,0.0,-,CDK2AP1,protein_coding,utr3,1
chr12,125627735,125627736,PseudoU_site_1206,0.0,+,AACS,protein_coding,utr3,1
chr13,21355641,21355642,PseudoU_site_1217,0.0,-,XPO4,protein_coding,utr3,1
chr13,21356845,21356846,PseudoU_site_1218,0.0,-,XPO4,protein_coding,utr3,1
chr13,25000642,25000643,PseudoU_site_1224,0.0,-,PARP4,protein_coding,cds,1
chr13,30339255,30339256,PseudoU_site_1232,0.0,-,UBL3,protein_coding,utr3,1
chr13,30423798,30423799,PseudoU_site_1234,0.0,-,UBL3,protein_coding,utr5,1
chr13,31736079,31736080,PseudoU_site_1240,0.0,-,HSPH1,protein_coding,intron,1
chr13,31903925,31903926,PseudoU_site_1241,0.0,+,B3GALTL,protein_coding,utr3,1
chr13,32937641,32937642,PseudoU_site_1242,0.0,+,BRCA2,protein_coding,cds,1
chr13,42249366,42249367,PseudoU_site_1251,0.0,-,VWA8,protein_coding,cds,1
chr13,46056556,46056557,PseudoU_site_1258,0.0,+,COG3,protein_coding,cds,1
chr13,49039177,49039178,PseudoU_site_1269,0.0,+,RB1,protein_coding,cds,1
chr13,53049714,53049715,PseudoU_site_1271,0.0,+,CKAP2,protein_coding,utr3,1
chr13,80128649,80128650,PseudoU_site_1284,0.0,+,NDFIP2,protein_coding,utr3,1
chr13,95672911,95672912,PseudoU_site_1291,0.0,-,ABCC4,protein_coding,utr3,1
chr13,96234222,96234223,PseudoU_site_1292,0.0,-,DZIP1,protein_coding,utr3,1
chr13,98119034,98119035,PseudoU_site_1294,0.0,+,RAP2A,protein_coding,utr3,1
chr13,111164572,111164573,PseudoU_site_1301,0.0,+,COL4A2,protein_coding,utr3,1
chr13,111165223,111165224,PseudoU_site_1302,0.0,+,COL4A2,protein_coding,utr3,1
chr14,21678389,21678390,PseudoU_site_1328,0.0,-,HNRNPC,protein_coding,utr3,1
chr14,23303716,23303717,PseudoU_site_1334,0.0,+,MRPL52,protein_coding,utr3,1
chr14,23770711,23770712,PseudoU_site_1339,0.0,-,PPP1R3E,protein_coding,cds,1
chr14,24888313,24888314,PseudoU_site_1344,0.0,+,NYNRIN,protein_coding,utr3,1
chr14,50734522,50734523,PseudoU_site_1369,0.0,-,L2HGDH,protein_coding,cds,1
chr14,55511850,55511851,PseudoU_site_1375,0.0,+,SOCS4,protein_coding,utr3,1
chr14,55514724,55514725,PseudoU_site_1376,0.0,+,SOCS4,protein_coding,utr3,1
chr14,55515189,55515190,PseudoU_site_1377,0.0,+,SOCS4,protein_coding,utr3,1
chr14,55515397,55515398,PseudoU_site_1378,0.0,+,SOCS4,protein_coding,utr3,1
chr14,55532545,55532546,PseudoU_site_1379,0.0,+,MAPK1IP1L,protein_coding,utr3,1
chr14,64936398,64936399,PseudoU_site_1386,0.0,+,AKAP5,protein_coding,utr3,1
chr14,65413381,65413382,PseudoU_site_1387,0.0,-,RAB15,protein_coding,utr3,1
chr14,70498934,70498935,PseudoU_site_1398,0.0,+,SMOC1,protein_coding,utr3,1
chr14,73686550,73686551,PseudoU_site_1401,0.0,+,PSEN1,protein_coding,utr3,1
chr14,74040252,74040253,PseudoU_site_1403,0.0,+,ACOT2,protein_coding,cds,1
chr14,77272968,77272969,PseudoU_site_1410,0.0,-,ANGEL1,protein_coding,cds,1
chr14,77975182,77975183,PseudoU_site_1413,0.0,-,SPTLC2,protein_coding,utr3,1
chr14,81943487,81943488,PseudoU_site_1414,0.0,-,SEL1L,protein_coding,cds,1
chr14,93693761,93693762,PseudoU_site_1422,0.0,+,UBR7,protein_coding,utr3,1
chr14,96750578,96750579,PseudoU_site_1425,0.0,-,ATG2B,protein_coding,utr3,1
chr14,100800680,100800681,PseudoU_site_1428,0.0,-,WARS,protein_coding,utr3,1
chr14,102392233,102392234,PseudoU_site_1431,0.0,+,PPP2R5C,protein_coding,utr3,1
chr14,104643564,104643565,PseudoU_site_1434,0.0,+,KIF26A,protein_coding,cds,1
chr14,105362095,105362096,PseudoU_site_1438,0.0,+,CEP170B,protein_coding,utr3,1
chr14,105476436,105476437,PseudoU_site_1439,0.0,-,CDCA4,protein_coding,utr3,1
chr14,105995408,105995409,PseudoU_site_1440,0.0,+,TMEM121,protein_coding,cds,1
chr15,23005387,23005388,PseudoU_site_1444,0.0,-,NIPA2,protein_coding,utr3,1
chr15,23006407,23006408,PseudoU_site_1445,0.0,-,NIPA2,protein_coding,cds,1
chr15,32461227,32461228,PseudoU_site_1453,0.0,+,CHRNA7,protein_coding,utr3,1
chr15,40231791,40231792,PseudoU_site_1466,0.0,+,EIF2AK4,protein_coding,cds,1
chr15,41059796,41059797,PseudoU_site_1470,0.0,+,GCHFR,protein_coding,utr3,2
chr15,41679621,41679622,PseudoU_site_1474,0.0,-,NDUFAF1,protein_coding,utr3,1
chr15,42566400,42566401,PseudoU_site_1478,0.0,+,GANC,protein_coding,utr5,1
chr15,44819201,44819202,PseudoU_site_1483,0.0,+,CTDSPL2,protein_coding,utr3,1
chr15,44914450,44914451,PseudoU_site_1485,0.0,-,SPG11,protein_coding,cds,1
chr15,50884219,50884220,PseudoU_site_1504,0.0,-,TRPM7,protein_coding,cds,1
chr15,52245382,52245383,PseudoU_site_1505,0.0,-,LEO1,protein_coding,cds,1
chr15,52841795,52841796,PseudoU_site_1506,0.0,-,ARPP19,protein_coding,utr3,1
chr15,55473829,55473830,PseudoU_site_1507,0.0,-,RSL24D1,protein_coding,utr3,1
chr15,55839042,55839043,PseudoU_site_1508,0.0,-,PYGO1,protein_coding,cds,1
chr15,59407055,59407056,PseudoU_site_1511,0.0,+,CCNB2,protein_coding,cds,1
chr15,63433626,63433627,PseudoU_site_1514,0.0,+,LACTB,protein_coding,cds,1
chr15,65738977,65738978,PseudoU_site_1525,0.0,-,DPP8,protein_coding,utr3,1
chr15,65868948,65868949,PseudoU_site_1528,0.0,+,PTPLAD1,protein_coding,utr3,1
chr15,67835347,67835348,PseudoU_site_1532,0.0,+,MAP2K5,protein_coding,utr5,1
chr15,68570300,68570301,PseudoU_site_1538,0.0,+,FEM1B,protein_coding,utr5,1
chr15,78793351,78793352,PseudoU_site_1553,0.0,+,IREB2,protein_coding,utr3,1
chr15,85346707,85346708,PseudoU_site_1566,0.0,+,ZNF592,protein_coding,utr3,1
chr15,91187156,91187157,PseudoU_site_1573,0.0,+,CRTC3,protein_coding,utr3,1
chr15,91425921,91425922,PseudoU_site_1574,0.0,+,FURIN,protein_coding,utr3,1
chr16,571499,571500,PseudoU_site_1590,0.0,+,RAB11FIP3,protein_coding,utr3,1
chr16,1877729,1877730,PseudoU_site_1594,0.0,+,FAHD1,protein_coding,cds,1
chr16,2817161,2817162,PseudoU_site_1600,0.0,+,SRRM2,protein_coding,cds,1
chr16,3022367,3022368,PseudoU_site_1601,0.0,+,PAQR4,protein_coding,utr3,1
chr16,3422003,3422004,PseudoU_site_1616,0.0,-,MTRNR2L4,protein_coding,utr5,1
chr16,4925090,4925091,PseudoU_site_1619,0.0,+,UBN1,protein_coding,cds,1
chr16,11771126,11771127,PseudoU_site_1623,0.0,+,SNN,protein_coding,utr3,1
chr16,18820297,18820298,PseudoU_site_1635,0.0,-,SMG1,protein_coding,utr3,1
chr16,22296794,22296795,PseudoU_site_1637,0.0,+,EEF2K,protein_coding,utr3,1
chr16,23476120,23476121,PseudoU_site_1639,0.0,-,GGA2,protein_coding,utr3,1
chr16,23584662,23584663,PseudoU_site_1640,0.0,+,UBFD1,protein_coding,utr3,1
chr16,28222951,28222952,PseudoU_site_1643,0.0,-,XPO6,protein_coding,utr5,1
chr16,28399530,28399531,PseudoU_site_1644,0.0,-,EIF3CL,protein_coding,cds,1
chr16,28399536,28399537,PseudoU_site_1645,0.0,-,EIF3CL,protein_coding,cds,1
chr16,28975415,28975416,PseudoU_site_1649,0.0,+,NFATC2IP,protein_coding,utr3,1
chr16,30581255,30581256,PseudoU_site_1654,0.0,-,ZNF688,protein_coding,cds,1
chr16,30794602,30794603,PseudoU_site_1659,0.0,-,ZNF629,protein_coding,cds,1
chr16,31003352,31003353,PseudoU_site_1660,0.0,-,STX1B,protein_coding,utr3,1
chr16,67672821,67672822,PseudoU_site_1712,0.0,+,CTCF,protein_coding,utr3,1
chr16,84158280,84158281,PseudoU_site_1737,0.0,-,HSDL1,protein_coding,cds,1
chr16,87863966,87863967,PseudoU_site_1739,0.0,-,SLC7A5,protein_coding,utr3,1
chr16,88766064,88766065,PseudoU_site_1741,0.0,-,RNF166,protein_coding,cds,1
chr16,88804791,88804792,PseudoU_site_1742,0.0,-,PIEZO1,protein_coding,cds,1
chr17,291140,291141,PseudoU_site_1752,0.0,-,FAM101B,protein_coding,utr3,1
chr17,291156,291157,PseudoU_site_1753,0.0,-,FAM101B,protein_coding,utr3,1
chr17,1703963,1703964,PseudoU_site_1757,0.0,-,SMYD4,protein_coding,cds,1
chr17,2228379,2228380,PseudoU_site_1758,0.0,+,SRR,protein_coding,utr3,1
chr17,2278918,2278919,PseudoU_site_1760,0.0,+,SGSM2,protein_coding,cds,2
chr17,2593691,2593692,PseudoU_site_1761,0.0,-,CLUH,protein_coding,utr3,1
chr17,4067834,4067835,PseudoU_site_1766,0.0,-,ANKFY1,protein_coding,utr3,1
chr17,7319307,7319308,PseudoU_site_1775,0.0,+,NLGN2,protein_coding,cds,1
chr17,7611308,7611309,PseudoU_site_1777,0.0,+,EFNB3,protein_coding,cds,1
chr17,14110950,14110951,PseudoU_site_1796,0.0,+,COX10,protein_coding,utr3,1
chr17,15848811,15848812,PseudoU_site_1799,0.0,+,ADORA2B,protein_coding,cds,1
chr17,18226033,18226034,PseudoU_site_1808,0.0,+,SMCR8,protein_coding,cds,1
chr17,22022728,22022729,PseudoU_site_1826,0.0,+,MTRNR2L1,protein_coding,utr5,1
chr17,22022751,22022752,PseudoU_site_1827,0.0,+,MTRNR2L1,protein_coding,utr5,1
chr17,26671994,26671995,PseudoU_site_1829,0.0,+,TNFAIP1,protein_coding,utr3,1
chr17,27011709,27011710,PseudoU_site_1833,0.0,+,SUPT6H,protein_coding,cds,1
chr17,27588486,27588487,PseudoU_site_1837,0.0,-,NUFIP2,protein_coding,utr3,1
chr17,28794067,28794068,PseudoU_site_1840,0.0,+,CPD,protein_coding,utr3,1
chr17,28853133,28853134,PseudoU_site_1841,0.0,+,GOSR1,protein_coding,utr3,1
chr17,34051474,34051475,PseudoU_site_1851,0.0,+,AP2B1,protein_coding,utr3,1
chr17,40048587,40048588,PseudoU_site_1874,0.0,-,ACLY,protein_coding,cds,1
chr17,40993997,40993998,PseudoU_site_1878,0.0,+,PSME3,protein_coding,utr3,1
chr17,42744820,42744821,PseudoU_site_1893,0.0,+,C17orf104,protein_coding,cds,1
chr17,43044982,43044983,PseudoU_site_1897,0.0,-,C1QL1,protein_coding,cds,1
chr17,45196181,45196182,PseudoU_site_1901,0.0,-,CDC27,protein_coding,utr3,1
chr17,45788932,45788933,PseudoU_site_1902,0.0,+,TBKBP1,protein_coding,utr3,1
chr17,46005354,46005355,PseudoU_site_1903,0.0,+,SP2,protein_coding,utr3,1
chr17,47120829,47120830,PseudoU_site_1912,0.0,+,IGF2BP1,protein_coding,cds,1
chr17,47129914,47129915,PseudoU_site_1913,0.0,+,IGF2BP1,protein_coding,utr3,1
chr17,47130997,47130998,PseudoU_site_1914,0.0,+,IGF2BP1,protein_coding,utr3,1
chr17,47905283,47905284,PseudoU_site_1921,0.0,+,KAT7,protein_coding,utr3,1
chr17,48562539,48562540,PseudoU_site_1923,0.0,+,RSAD1,protein_coding,utr3,1
chr17,48770786,48770787,PseudoU_site_1924,0.0,-,ANKRD40,protein_coding,utr3,1
chr17,49255786,49255787,PseudoU_site_1927,0.0,-,MBTD1,protein_coding,utr3,1
chr17,55026773,55026774,PseudoU_site_1931,0.0,-,COIL,protein_coding,cds,1
chr17,55038235,55038236,PseudoU_site_1932,0.0,-,COIL,protein_coding,cds,1
chr17,63009884,63009885,PseudoU_site_1955,0.0,-,GNA13,protein_coding,utr3,1
chr17,63052842,63052843,PseudoU_site_1956,0.0,-,GNA13,protein_coding,utr5,1
chr17,63052855,63052856,PseudoU_site_1957,0.0,-,GNA13,protein_coding,utr5,1
chr17,65850225,65850226,PseudoU_site_1958,0.0,+,BPTF,protein_coding,cds,1
chr17,65916166,65916167,PseudoU_site_1959,0.0,+,BPTF,protein_coding,cds,1
chr17,66279824,66279825,PseudoU_site_1964,0.0,-,SLC16A6,protein_coding,intron,1
chr17,72995201,72995202,PseudoU_site_1970,0.0,+,CDR2L,protein_coding,intron,1
chr17,72995266,72995267,PseudoU_site_1971,0.0,+,CDR2L,protein_coding,intron,1
chr17,73820433,73820434,PseudoU_site_1977,0.0,+,UNK,protein_coding,cds,1
chr17,76849449,76849450,PseudoU_site_1990,0.0,-,TIMP2,protein_coding,utr3,1
chr17,78079623,78079624,PseudoU_site_1991,0.0,+,GAA,protein_coding,cds,1
chr18,2918319,2918320,PseudoU_site_2013,0.0,-,LPIN2,protein_coding,utr3,1
chr18,3256186,3256187,PseudoU_site_2014,0.0,+,MYL12A,protein_coding,utr3,1
chr18,9401336,9401337,PseudoU_site_2017,0.0,+,TWSG1,protein_coding,utr3,1
chr18,19450245,19450246,PseudoU_site_2024,0.0,+,MIB1,protein_coding,utr3,1
chr18,24035011,24035012,PseudoU_site_2027,0.0,-,KCTD1,protein_coding,utr3,1
chr18,28650753,28650754,PseudoU_site_2029,0.0,-,DSC2,protein_coding,cds,1
chr18,32916548,32916549,PseudoU_site_2034,0.0,-,ZNF24,protein_coding,utr3,1
chr18,33704592,33704593,PseudoU_site_2037,0.0,-,SLC39A6,protein_coding,cds,1
chr18,39609303,39609304,PseudoU_site_2039,0.0,+,PIK3C3,protein_coding,cds,1
chr18,60995297,60995298,PseudoU_site_2049,0.0,-,KDSR,protein_coding,utr3,1
chr19,282248,282249,PseudoU_site_2059,0.0,-,PPAP2C,protein_coding,cds,1
chr19,1020864,1020865,PseudoU_site_2065,0.0,-,TMEM259,protein_coding,cds,1
chr19,1378341,1378342,PseudoU_site_2071,0.0,+,MUM1,protein_coding,utr3,1
chr19,1980904,1980905,PseudoU_site_2086,0.0,+,CSNK1G2,protein_coding,utr3,1
chr19,3762692,3762693,PseudoU_site_2092,0.0,+,MRPL54,protein_coding,utr5,1
chr19,4838518,4838519,PseudoU_site_2096,0.0,-,PLIN3,protein_coding,utr3,1
chr19,6495377,6495378,PseudoU_site_2103,0.0,-,TUBB4A,protein_coding,cds,1
chr19,7988055,7988056,PseudoU_site_2104,0.0,+,SNAPC2,protein_coding,utr3,1
chr19,9524093,9524094,PseudoU_site_2108,0.0,-,ZNF266,protein_coding,cds,1
chr19,10602592,10602593,PseudoU_site_2114,0.0,-,KEAP1,protein_coding,cds,1
chr19,10943171,10943172,PseudoU_site_2117,0.0,-,TMED1,protein_coding,utr3,1
chr19,13051656,13051657,PseudoU_site_2128,0.0,+,CALR,protein_coding,cds,1
chr19,13249212,13249213,PseudoU_site_2129,0.0,+,NACC1,protein_coding,cds,1
chr19,15533244,15533245,PseudoU_site_2136,0.0,-,WIZ,protein_coding,utr3,1
chr19,17412318,17412319,PseudoU_site_2141,0.0,-,ABHD8,protein_coding,cds,1
chr19,18085032,18085033,PseudoU_site_2144,0.0,+,KCNN1,protein_coding,cds,1
chr19,18668600,18668601,PseudoU_site_2146,0.0,+,KXD1,protein_coding,utr5,1
chr19,29698297,29698298,PseudoU_site_2156,0.0,-,UQCRFS1,protein_coding,utr3,1
chr19,32874914,32874915,PseudoU_site_2159,0.0,+,ZNF507,protein_coding,utr3,1
chr19,34305471,34305472,PseudoU_site_2164,0.0,+,KCTD15,protein_coding,utr3,1
chr19,37903715,37903716,PseudoU_site_2172,0.0,-,ZNF569,protein_coding,cds,1
chr19,39218468,39218469,PseudoU_site_2173,0.0,+,ACTN4,protein_coding,intron,1
chr19,39998055,39998056,PseudoU_site_2178,0.0,+,DLL3,protein_coding,cds,1
chr19,39998128,39998129,PseudoU_site_2179,0.0,+,DLL3,protein_coding,cds,1
chr19,40737702,40737703,PseudoU_site_2182,0.0,-,AKT2,protein_coding,utr3,1
chr19,42799569,42799570,PseudoU_site_2190,0.0,+,CIC,protein_coding,utr3,1
chr19,45412471,45412472,PseudoU_site_2192,0.0,+,APOE,protein_coding,cds,1
chr19,46393872,46393873,PseudoU_site_2199,0.0,-,MYPOP,protein_coding,utr3,1
chr19,49375684,49375685,PseudoU_site_2206,0.0,+,PPP1R15A,protein_coding,utr5,1
chr19,50158037,50158038,PseudoU_site_2211,0.0,+,SCAF1,protein_coding,cds,1
chr19,50372899,50372900,PseudoU_site_2212,0.0,-,AKT1S1,protein_coding,utr3,2
chr19,50372900,50372901,PseudoU_site_2213,0.0,-,AKT1S1,protein_coding,utr3,1
chr19,51301278,51301279,PseudoU_site_2216,0.0,-,C19orf48,protein_coding,utr3,1
chr19,55912805,55912806,PseudoU_site_2223,0.0,-,UBE2S,protein_coding,cds,1
chr2,277812,277813,PseudoU_site_2231,0.0,+,ACP1,protein_coding,utr3,1
chr2,9630436,9630437,PseudoU_site_2232,0.0,-,ADAM17,protein_coding,cds,1
chr2,9725106,9725107,PseudoU_site_2233,0.0,-,YWHAQ,protein_coding,utr3,2
chr2,10927497,10927498,PseudoU_site_2235,0.0,-,PDIA6,protein_coding,cds,1
chr2,20237324,20237325,PseudoU_site_2240,0.0,-,LAPTM4A,protein_coding,cds,2
chr2,26613694,26613695,PseudoU_site_2249,0.0,+,EPT1,protein_coding,utr3,1
chr2,27446485,27446486,PseudoU_site_2257,0.0,+,CAD,protein_coding,cds,1
chr2,27887002,27887003,PseudoU_site_2260,0.0,+,SLC4A1AP,protein_coding,cds,1
chr2,32447826,32447827,PseudoU_site_2263,0.0,+,SLC30A6,protein_coding,utr3,1
chr2,32667464,32667465,PseudoU_site_2264,0.0,+,BIRC6,protein_coding,cds,1
chr2,32689665,32689666,PseudoU_site_2265,0.0,+,BIRC6,protein_coding,cds,1
chr2,44114449,44114450,PseudoU_site_2272,0.0,-,LRPPRC,protein_coding,utr3,1
chr2,44999600,44999601,PseudoU_site_2273,0.0,+,CAMKMT,protein_coding,utr3,1
chr2,45807069,45807070,PseudoU_site_2277,0.0,-,SRBD1,protein_coding,cds,1
chr2,47130629,47130630,PseudoU_site_2279,0.0,-,MCFD2,protein_coding,utr3,1
chr2,55792136,55792137,PseudoU_site_2284,0.0,-,SMEK2,protein_coding,cds,1
chr2,55806886,55806887,PseudoU_site_2285,0.0,-,SMEK2,protein_coding,cds,1
chr2,64189471,64189472,PseudoU_site_2295,0.0,-,VPS54,protein_coding,cds,1
chr2,65310891,65310892,PseudoU_site_2296,0.0,+,CEP68,protein_coding,utr3,1
chr2,70505111,70505112,PseudoU_site_2302,0.0,+,PCYOX1,protein_coding,utr3,1
chr2,70507955,70507956,PseudoU_site_2303,0.0,+,PCYOX1,protein_coding,utr3,1
chr2,73454242,73454243,PseudoU_site_2305,0.0,+,SMYD5,protein_coding,utr3,1
chr2,73455379,73455380,PseudoU_site_2306,0.0,-,PRADC1,protein_coding,utr3,1
chr2,73479762,73479763,PseudoU_site_2308,0.0,+,CCT7,protein_coding,intron,1
chr2,74644020,74644021,PseudoU_site_2311,0.0,-,C2orf81,protein_coding,intron,1
chr2,86731826,86731827,PseudoU_site_2325,0.0,-,CHMP3,protein_coding,utr3,1
chr2,95849362,95849363,PseudoU_site_2326,0.0,+,ZNF2,protein_coding,utr3,1
chr2,105881931,105881932,PseudoU_site_2332,0.0,-,TGFBRAP1,protein_coding,utr3,1
chr2,131807076,131807077,PseudoU_site_2359,0.0,-,FAM168B,protein_coding,utr3,2
chr2,135208124,135208125,PseudoU_site_2380,0.0,+,MGAT5,protein_coding,utr3,1
chr2,135714872,135714873,PseudoU_site_2381,0.0,+,CCNT2,protein_coding,utr3,1
chr2,136678109,136678110,PseudoU_site_2383,0.0,-,DARS,protein_coding,cds,1
chr2,150436022,150436023,PseudoU_site_2387,0.0,-,MMADHC,protein_coding,cds,1
chr2,152311497,152311498,PseudoU_site_2388,0.0,+,RIF1,protein_coding,cds,1
chr2,153509721,153509722,PseudoU_site_2392,0.0,-,PRPF40A,protein_coding,utr3,1
chr2,160112721,160112722,PseudoU_site_2399,0.0,-,WDSUB1,protein_coding,cds,1
chr2,174123498,174123499,PseudoU_site_2412,0.0,+,MLTK,protein_coding,cds,1
chr2,178084685,178084686,PseudoU_site_2417,0.0,+,HNRNPA3,protein_coding,utr3,1
chr2,178085012,178085013,PseudoU_site_2418,0.0,+,HNRNPA3,protein_coding,utr3,1
chr2,178479462,178479463,PseudoU_site_2421,0.0,-,TTC30A,protein_coding,utr3,1
chr2,178480959,178480960,PseudoU_site_2422,0.0,-,TTC30A,protein_coding,utr3,1
chr2,179365813,179365814,PseudoU_site_2424,0.0,+,PLEKHA3,protein_coding,cds,1
chr2,180835397,180835398,PseudoU_site_2425,0.0,-,CWC22,protein_coding,cds,1
chr2,192289306,192289307,PseudoU_site_2433,0.0,+,MYO1B,protein_coding,utr3,1
chr2,197883441,197883442,PseudoU_site_2437,0.0,-,ANKRD44,protein_coding,intron,1
chr2,198260921,198260922,PseudoU_site_2438,0.0,-,SF3B1,protein_coding,cds,1
chr2,198351449,198351450,PseudoU_site_2439,0.0,-,HSPD1,protein_coding,utr3,1
chr2,200134706,200134707,PseudoU_site_2442,0.0,-,SATB2,protein_coding,utr3,1
chr2,201440163,201440164,PseudoU_site_2443,0.0,+,SGOL2,protein_coding,cds,1
chr2,201950285,201950286,PseudoU_site_2445,0.0,+,NDUFB3,protein_coding,cds,1
chr2,203430957,203430958,PseudoU_site_2448,0.0,+,BMPR2,protein_coding,utr3,1
chr2,203632940,203632941,PseudoU_site_2449,0.0,+,FAM117B,protein_coding,utr3,1
chr2,207425893,207425894,PseudoU_site_2451,0.0,+,ADAM23,protein_coding,cds,1
chr2,207482841,207482842,PseudoU_site_2452,0.0,+,ADAM23,protein_coding,utr3,1
chr2,211532929,211532930,PseudoU_site_2455,0.0,+,CPS1,protein_coding,cds,1
chr2,217279637,217279638,PseudoU_site_2458,0.0,+,SMARCAL1,protein_coding,cds,1
chr2,219319094,219319095,PseudoU_site_2460,0.0,-,USP37,protein_coding,utr3,1
chr2,224856614,224856615,PseudoU_site_2469,0.0,-,SERPINE2,protein_coding,cds,2
chr2,228401392,228401393,PseudoU_site_2475,0.0,+,AGFG1,protein_coding,cds,1
chr2,233272413,233272414,PseudoU_site_2482,0.0,+,ALPPL2,protein_coding,cds,1
chr2,233546778,233546779,PseudoU_site_2486,0.0,+,EFHD1,protein_coding,utr3,1
chr2,234750275,234750276,PseudoU_site_2487,0.0,-,HJURP,protein_coding,cds,1
chr2,239147004,239147005,PseudoU_site_2490,0.0,-,HES6,protein_coding,utr3,1
chr2,242291989,242291990,PseudoU_site_2495,0.0,+,SEPT2,protein_coding,utr3,1
chr20,3017900,3017901,PseudoU_site_2501,0.0,+,PTPRA,protein_coding,cds,1
chr20,3144979,3144980,PseudoU_site_2502,0.0,-,LZTS3,protein_coding,utr3,1
chr20,11905313,11905314,PseudoU_site_2504,0.0,+,BTBD3,protein_coding,utr3,1
chr20,25282885,25282886,PseudoU_site_2513,0.0,-,ABHD12,protein_coding,cds,1
chr20,30826216,30826217,PseudoU_site_2522,0.0,+,POFUT1,protein_coding,utr3,1
chr20,30920080,30920081,PseudoU_site_2523,0.0,+,KIF3B,protein_coding,utr3,1
chr20,30921799,30921800,PseudoU_site_2524,0.0,+,KIF3B,protein_coding,utr3,1
chr20,43379576,43379577,PseudoU_site_2541,0.0,+,KCNK15,protein_coding,utr3,1
chr20,44512692,44512693,PseudoU_site_2548,0.0,+,ZSWIM1,protein_coding,utr3,1
chr20,47602058,47602059,PseudoU_site_2550,0.0,+,ARFGEF2,protein_coding,cds,1
chr20,47693542,47693543,PseudoU_site_2551,0.0,+,CSE1L,protein_coding,cds,1
chr20,47730183,47730184,PseudoU_site_2552,0.0,-,STAU1,protein_coding,utr3,1
chr20,48569321,48569322,PseudoU_site_2554,0.0,+,RNF114,protein_coding,utr3,1
chr20,57024543,57024544,PseudoU_site_2559,0.0,+,VAPB,protein_coding,utr3,1
chr20,60757186,60757187,PseudoU_site_2563,0.0,+,SS18L1,protein_coding,utr3,1
chr20,60882464,60882465,PseudoU_site_2564,0.0,+,ADRM1,protein_coding,cds,2
chr20,61473357,61473358,PseudoU_site_2565,0.0,-,TCFL5,protein_coding,cds,1
chr20,61485462,61485463,PseudoU_site_2566,0.0,-,TCFL5,protein_coding,cds,1
chr20,62590547,62590548,PseudoU_site_2569,0.0,-,ZNF512B,protein_coding,utr3,1
chr20,62658973,62658974,PseudoU_site_2570,0.0,+,PRPF6,protein_coding,cds,1
chr21,16337832,16337833,PseudoU_site_2584,0.0,-,NRIP1,protein_coding,cds,1
chr21,38120175,38120176,PseudoU_site_2611,0.0,+,SIM2,protein_coding,cds,1
chr21,40558890,40558891,PseudoU_site_2614,0.0,-,BRWD1,protein_coding,utr3,1
chr21,46925150,46925151,PseudoU_site_2625,0.0,+,COL18A1,protein_coding,cds,1
chr22,22116438,22116439,PseudoU_site_2656,0.0,-,MAPK1,protein_coding,utr3,1
chr22,24129257,24129258,PseudoU_site_2658,0.0,+,SMARCB1,protein_coding,utr5,1
chr22,26839378,26839379,PseudoU_site_2664,0.0,+,ASPHD2,protein_coding,utr3,1
chr22,29184384,29184385,PseudoU_site_2669,0.0,+,CCDC117,protein_coding,utr3,1
chr22,29747759,29747760,PseudoU_site_2672,0.0,-,AP1B1,protein_coding,cds,1
chr22,29951635,29951636,PseudoU_site_2674,0.0,-,NIPSNAP1,protein_coding,utr3,1
chr22,39081782,39081783,PseudoU_site_2685,0.0,-,JOSD1,protein_coding,utr3,1
chr22,39124021,39124022,PseudoU_site_2686,0.0,+,GTPBP1,protein_coding,cds,1
chr22,39779640,39779641,PseudoU_site_2690,0.0,+,SYNGR1,protein_coding,utr3,1
chr22,39917360,39917361,PseudoU_site_2691,0.0,+,ATF4,protein_coding,utr5,1
chr22,41220903,41220904,PseudoU_site_2693,0.0,-,ST13,protein_coding,utr3,2
chr22,41575105,41575106,PseudoU_site_2695,0.0,+,EP300,protein_coding,utr3,1
chr22,41831957,41831958,PseudoU_site_2697,0.0,-,TOB2,protein_coding,utr3,1
chr22,42335043,42335044,PseudoU_site_2700,0.0,-,CENPM,protein_coding,utr3,1
chr22,42459011,42459012,PseudoU_site_2701,0.0,-,NAGA,protein_coding,cds,1
chr22,43579037,43579038,PseudoU_site_2709,0.0,-,TTLL12,protein_coding,cds,1
chr22,44892690,44892691,PseudoU_site_2711,0.0,-,LDOC1L,protein_coding,utr3,1
chr22,46765132,46765133,PseudoU_site_2715,0.0,-,CELSR1,protein_coding,cds,1
chr22,50962013,50962014,PseudoU_site_2720,0.0,-,SCO2,protein_coding,utr3,1
chr22,51171434,51171435,PseudoU_site_2722,0.0,+,SHANK3,protein_coding,utr3,1
chr3,31663645,31663646,PseudoU_site_2741,0.0,+,STT3B,protein_coding,cds,1
chr3,32524563,32524564,PseudoU_site_2742,0.0,-,CMTM6,protein_coding,utr3,1
chr3,33185870,33185871,PseudoU_site_2748,0.0,+,CRTAP,protein_coding,utr3,1
chr3,33186326,33186327,PseudoU_site_2749,0.0,+,CRTAP,protein_coding,utr3,1
chr3,33192965,33192966,PseudoU_site_2750,0.0,-,SUSD5,protein_coding,utr3,1
chr3,38294858,38294859,PseudoU_site_2756,0.0,+,OXSR1,protein_coding,utr3,1
chr3,38534519,38534520,PseudoU_site_2757,0.0,+,ACVR2B,protein_coding,utr3,1
chr3,44488755,44488756,PseudoU_site_2760,0.0,-,ZNF445,protein_coding,cds,1
chr3,45718961,45718962,PseudoU_site_2764,0.0,+,LIMD1,protein_coding,utr3,1
chr3,45719304,45719305,PseudoU_site_2765,0.0,+,LIMD1,protein_coding,utr3,1
chr3,45722554,45722555,PseudoU_site_2766,0.0,+,LIMD1,protein_coding,utr3,1
chr3,57306528,57306529,PseudoU_site_2787,0.0,+,APPL1,protein_coding,utr3,1
chr3,69154416,69154417,PseudoU_site_2790,0.0,+,ARL6IP5,protein_coding,utr3,1
chr3,93593169,93593170,PseudoU_site_2800,0.0,-,PROS1,protein_coding,cds,1
chr3,93611937,93611938,PseudoU_site_2801,0.0,-,PROS1,protein_coding,cds,1
chr3,93813947,93813948,PseudoU_site_2802,0.0,+,NSUN3,protein_coding,cds,1
chr3,96336610,96336611,PseudoU_site_2803,0.0,-,MTRNR2L12,protein_coding,utr5,1
chr3,96336988,96336989,PseudoU_site_2804,0.0,-,MTRNR2L12,protein_coding,utr5,1
chr3,100103361,100103362,PseudoU_site_2807,0.0,-,TOMM70A,protein_coding,cds,1
chr3,107799041,107799042,PseudoU_site_2809,0.0,-,CD47,protein_coding,cds,1
chr3,119812377,119812378,PseudoU_site_2818,0.0,-,GSK3B,protein_coding,utr5,1
chr3,122143980,122143981,PseudoU_site_2822,0.0,-,KPNA1,protein_coding,utr3,1
chr3,127783738,127783739,PseudoU_site_2826,0.0,+,SEC61A1,protein_coding,cds,1
chr3,129023959,129023960,PseudoU_site_2828,0.0,+,HMCES,protein_coding,utr3,1
chr3,130437267,130437268,PseudoU_site_2833,0.0,-,PIK3R4,protein_coding,cds,1
chr3,132226104,132226105,PseudoU_site_2834,0.0,+,DNAJC13,protein_coding,cds,1
chr3,134196988,134196989,PseudoU_site_2840,0.0,-,ANAPC13,protein_coding,utr3,1
chr3,135868518,135868519,PseudoU_site_2841,0.0,-,MSL2,protein_coding,utr3,1
chr3,142389929,142389930,PseudoU_site_2847,0.0,+,PLS1,protein_coding,cds,1
chr3,152553955,152553956,PseudoU_site_2851,0.0,+,P2RY1,protein_coding,cds,1
chr3,154027527,154027528,PseudoU_site_2852,0.0,-,DHX36,protein_coding,cds,1
chr3,155572027,155572028,PseudoU_site_2854,0.0,-,SLC33A1,protein_coding,utr5,1
chr3,160219778,160219779,PseudoU_site_2861,0.0,-,KPNA4,protein_coding,utr3,1
chr3,169712100,169712101,PseudoU_site_2870,0.0,+,SEC62,protein_coding,utr3,1
chr3,169802284,169802285,PseudoU_site_2871,0.0,+,GPR160,protein_coding,cds,1
chr3,169802676,169802677,PseudoU_site_2872,0.0,+,GPR160,protein_coding,cds,1
chr3,172538640,172538641,PseudoU_site_2876,0.0,+,ECT2,protein_coding,utr3,1
chr3,179306708,179306709,PseudoU_site_2878,0.0,-,MRPL47,protein_coding,cds,1
chr3,180694445,180694446,PseudoU_site_2880,0.0,+,FXR1,protein_coding,utr3,1
chr3,183474405,183474406,PseudoU_site_2885,0.0,+,YEATS2,protein_coding,cds,1
chr3,185348363,185348364,PseudoU_site_2890,0.0,+,SENP2,protein_coding,utr3,1
chr3,186272452,186272453,PseudoU_site_2891,0.0,-,TBCCD1,protein_coding,cds,1
chr3,194180680,194180681,PseudoU_site_2892,0.0,-,ATP13A3,protein_coding,cds,1
chr3,195241449,195241450,PseudoU_site_2897,0.0,-,PPP1R2,protein_coding,utr3,1
chr3,196081286,196081287,PseudoU_site_2898,0.0,-,UBXN7,protein_coding,utr3,1
chr3,196558402,196558403,PseudoU_site_2900,0.0,+,PAK2,protein_coding,utr3,1
chr3,197509814,197509815,PseudoU_site_2901,0.0,+,FYTTD1,protein_coding,utr3,1
chr4,2250406,2250407,PseudoU_site_2913,0.0,-,MXD4,protein_coding,utr3,1
chr4,2250688,2250689,PseudoU_site_2914,0.0,-,MXD4,protein_coding,utr3,1
chr4,3514566,3514567,PseudoU_site_2918,0.0,-,LRPAP1,protein_coding,utr3,1
chr4,7032232,7032233,PseudoU_site_2920,0.0,+,TBC1D14,protein_coding,utr3,1
chr4,10443955,10443956,PseudoU_site_2924,0.0,-,ZNF518B,protein_coding,utr3,1
chr4,16164101,16164102,PseudoU_site_2925,0.0,-,TAPT1,protein_coding,utr3,1
chr4,26433469,26433470,PseudoU_site_2936,0.0,+,RBPJ,protein_coding,utr3,1
chr4,42089201,42089202,PseudoU_site_2947,0.0,+,SLC30A9,protein_coding,utr3,1
chr4,53786928,53786929,PseudoU_site_2955,0.0,-,SCFD2,protein_coding,cds,1
chr4,73957707,73957708,PseudoU_site_2961,0.0,-,ANKRD17,protein_coding,cds,1
chr4,75974982,75974983,PseudoU_site_2962,0.0,+,PARM1,protein_coding,utr3,1
chr4,76721556,76721557,PseudoU_site_2963,0.0,+,USO1,protein_coding,cds,1
chr4,76735264,76735265,PseudoU_site_2964,0.0,+,USO1,protein_coding,utr3,1
chr4,85591357,85591358,PseudoU_site_2975,0.0,-,WDFY3,protein_coding,utr3,1
chr4,89601351,89601352,PseudoU_site_2976,0.0,+,HERC3,protein_coding,cds,1
chr4,95588346,95588347,PseudoU_site_2981,0.0,+,PDLIM5,protein_coding,utr3,1
chr4,100469304,100469305,PseudoU_site_2987,0.0,-,TRMT10A,protein_coding,utr3,1
chr4,108955923,108955924,PseudoU_site_2992,0.0,+,HADH,protein_coding,utr3,1
chr4,113108811,113108812,PseudoU_site_2994,0.0,+,C4orf32,protein_coding,utr3,1
chr4,122052788,122052789,PseudoU_site_3002,0.0,-,TNIP3,protein_coding,utr3,1
chr4,122745712,122745713,PseudoU_site_3003,0.0,-,BBS7,protein_coding,utr3,1
chr4,122756335,122756336,PseudoU_site_3004,0.0,-,BBS7,protein_coding,cds,1
chr4,123192451,123192452,PseudoU_site_3005,0.0,+,KIAA1109,protein_coding,cds,1
chr4,129191455,129191456,PseudoU_site_3013,0.0,-,PGRMC2,protein_coding,utr3,2
chr4,134070777,134070778,PseudoU_site_3015,0.0,+,PCDH10,protein_coding,utr5,1
chr4,135121314,135121315,PseudoU_site_3017,0.0,-,PABPC4L,protein_coding,cds,1
chr4,139087456,139087457,PseudoU_site_3022,0.0,-,SLC7A11,protein_coding,utr3,1
chr4,139088047,139088048,PseudoU_site_3023,0.0,-,SLC7A11,protein_coding,utr3,1
chr4,139092288,139092289,PseudoU_site_3024,0.0,-,SLC7A11,protein_coding,utr3,1
chr4,141445352,141445353,PseudoU_site_3028,0.0,+,ELMOD2,protein_coding,utr5,1
chr4,159825659,159825660,PseudoU_site_3041,0.0,+,FNIP2,protein_coding,cds,1
chr4,160275022,160275023,PseudoU_site_3042,0.0,+,RAPGEF2,protein_coding,cds,1
chr4,170017147,170017148,PseudoU_site_3052,0.0,-,SH3RF1,protein_coding,utr3,1
chr4,178352275,178352276,PseudoU_site_3057,0.0,-,AGA,protein_coding,utr3,1
chr5,9084969,9084970,PseudoU_site_3066,0.0,-,SEMA5A,protein_coding,intron,1
chr5,16465622,16465623,PseudoU_site_3070,0.0,-,ZNF622,protein_coding,cds,1
chr5,17276785,17276786,PseudoU_site_3071,0.0,+,BASP1,protein_coding,utr3,1
chr5,38885511,38885512,PseudoU_site_3079,0.0,+,OSMR,protein_coding,cds,1
chr5,40826888,40826889,PseudoU_site_3080,0.0,-,RPL37,protein_coding,utr3,1
chr5,43628321,43628322,PseudoU_site_3083,0.0,+,NNT,protein_coding,cds,2
chr5,60628738,60628739,PseudoU_site_3094,0.0,+,ZSWIM6,protein_coding,cds,1
chr5,65375933,65375934,PseudoU_site_3099,0.0,+,ERBB2IP,protein_coding,utr3,1
chr5,74657456,74657457,PseudoU_site_3114,0.0,+,HMGCR,protein_coding,utr3,1
chr5,76029100,76029101,PseudoU_site_3116,0.0,+,F2R,protein_coding,cds,1
chr5,77783752,77783753,PseudoU_site_3118,0.0,-,LHFPL2,protein_coding,utr3,1
chr5,79275944,79275945,PseudoU_site_3123,0.0,-,MTX3,protein_coding,utr3,1
chr5,79968078,79968079,PseudoU_site_3128,0.0,+,MSH3,protein_coding,cds,1
chr5,94836040,94836041,PseudoU_site_3135,0.0,-,TTC37,protein_coding,intron,1
chr5,102613304,102613305,PseudoU_site_3141,0.0,+,C5orf30,protein_coding,utr3,1
chr5,110463142,110463143,PseudoU_site_3143,0.0,+,WDR36,protein_coding,utr3,1
chr5,110463409,110463410,PseudoU_site_3144,0.0,+,WDR36,protein_coding,utr3,1
chr5,126862418,126862419,PseudoU_site_3153,0.0,+,PRRC1,protein_coding,cds,1
chr5,130759739,130759740,PseudoU_site_3154,0.0,-,RAPGEF6,protein_coding,utr3,1
chr5,134364949,134364950,PseudoU_site_3159,0.0,-,PITX1,protein_coding,cds,1
chr5,134369533,134369534,PseudoU_site_3160,0.0,-,PITX1,protein_coding,cds,1
chr5,137087932,137087933,PseudoU_site_3161,0.0,-,HNRNPA0,protein_coding,utr3,1
chr5,137804535,137804536,PseudoU_site_3167,0.0,+,EGR1,protein_coding,utr3,1
chr5,141368134,141368135,PseudoU_site_3177,0.0,+,RNF14,protein_coding,utr3,1
chr5,154195619,154195620,PseudoU_site_3180,0.0,+,LARP1,protein_coding,utr3,1
chr5,162900422,162900423,PseudoU_site_3193,0.0,+,HMMR,protein_coding,cds,1
chr5,171288946,171288947,PseudoU_site_3196,0.0,-,FBXW11,protein_coding,utr3,1
chr5,171661261,171661262,PseudoU_site_3198,0.0,-,UBTD2,protein_coding,cds,1
chr5,172461671,172461672,PseudoU_site_3199,0.0,+,ATP6V0E1,protein_coding,utr3,1
chr5,176023550,176023551,PseudoU_site_3203,0.0,-,GPRIN1,protein_coding,utr3,1
chr5,177576556,177576557,PseudoU_site_3206,0.0,-,NHP2,protein_coding,utr3,1
chr5,179224803,179224804,PseudoU_site_3209,0.0,-,MGAT4B,protein_coding,utr3,1
chr5,180218528,180218529,PseudoU_site_3210,0.0,-,MGAT1,protein_coding,utr3,1
chr6,1390746,1390747,PseudoU_site_3243,0.0,+,FOXF2,protein_coding,cds,1
chr6,3154302,3154303,PseudoU_site_3245,0.0,-,TUBB2A,protein_coding,cds,1
chr6,5431309,5431310,PseudoU_site_3248,0.0,+,FARS2,protein_coding,cds,1
chr6,20493663,20493664,PseudoU_site_3260,0.0,+,E2F3,protein_coding,utr3,1
chr6,24503573,24503574,PseudoU_site_3262,0.0,+,ALDH5A1,protein_coding,cds,1
chr6,25973476,25973477,PseudoU_site_3265,0.0,+,TRIM38,protein_coding,cds,1
chr6,26200177,26200178,PseudoU_site_3266,0.0,+,HIST1H2BF,protein_coding,utr3,1
chr6,30514049,30514050,PseudoU_site_3381,0.0,-,GNL1,protein_coding,cds,1
chr6,32936738,32936739,PseudoU_site_3394,0.0,+,BRD2,protein_coding,utr5,1
chr6,34213408,34213409,PseudoU_site_3403,0.0,+,HMGA1,protein_coding,utr3,1
chr6,34213935,34213936,PseudoU_site_3404,0.0,+,HMGA1,protein_coding,utr3,1
chr6,36463226,36463227,PseudoU_site_3409,0.0,-,STK38,protein_coding,utr3,1
chr6,36884261,36884262,PseudoU_site_3412,0.0,+,C6orf89,protein_coding,cds,1
chr6,42178278,42178279,PseudoU_site_3415,0.0,-,MRPS10,protein_coding,cds,1
chr6,43596885,43596886,PseudoU_site_3419,0.0,-,GTPBP2,protein_coding,cds,1
chr6,44200636,44200637,PseudoU_site_3423,0.0,+,SLC29A1,protein_coding,cds,1
chr6,44394270,44394271,PseudoU_site_3425,0.0,+,CDC5L,protein_coding,cds,1
chr6,49416596,49416597,PseudoU_site_3427,0.0,-,MUT,protein_coding,cds,1
chr6,52128865,52128866,PseudoU_site_3428,0.0,-,MCM3,protein_coding,utr3,1
chr6,53133683,53133684,PseudoU_site_3434,0.0,-,ELOVL5,protein_coding,utr3,1
chr6,57049212,57049213,PseudoU_site_3437,0.0,+,BAG2,protein_coding,utr3,1
chr6,57049910,57049911,PseudoU_site_3438,0.0,+,BAG2,protein_coding,utr3,1
chr6,71566596,71566597,PseudoU_site_3445,0.0,+,SMAP1,protein_coding,cds,1
chr6,76311931,76311932,PseudoU_site_3448,0.0,+,SENP6,protein_coding,utr5,1
chr6,79911056,79911057,PseudoU_site_3450,0.0,-,HMGN3,protein_coding,utr3,1
chr6,80877444,80877445,PseudoU_site_3451,0.0,+,BCKDHB,protein_coding,cds,1
chr6,83921496,83921497,PseudoU_site_3455,0.0,-,ME1,protein_coding,utr3,1
chr6,83926268,83926269,PseudoU_site_3456,0.0,-,ME1,protein_coding,cds,1
chr6,90639983,90639984,PseudoU_site_3466,0.0,-,BACH2,protein_coding,utr3,1
chr6,93952627,93952628,PseudoU_site_3467,0.0,-,EPHA7,protein_coding,utr3,1
chr6,105531038,105531039,PseudoU_site_3471,0.0,+,LIN28B,protein_coding,utr3,1
chr6,109712523,109712524,PseudoU_site_3475,0.0,-,PPIL6,protein_coding,utr3,1
chr6,111213567,111213568,PseudoU_site_3481,0.0,+,AMD1,protein_coding,cds,1
chr6,118029081,118029082,PseudoU_site_3488,0.0,+,NUS1,protein_coding,utr3,1
chr6,122720922,122720923,PseudoU_site_3492,0.0,+,HSF2,protein_coding,cds,1
chr6,136667059,136667060,PseudoU_site_3505,0.0,-,MAP7,protein_coding,cds,1
chr6,146125604,146125605,PseudoU_site_3509,0.0,-,FBXO30,protein_coding,cds,1
chr6,149982221,149982222,PseudoU_site_3512,0.0,-,LATS1,protein_coding,utr3,1
chr6,157529661,157529662,PseudoU_site_3518,0.0,+,ARID1B,protein_coding,utr3,1
chr6,159053517,159053518,PseudoU_site_3519,0.0,+,TMEM181,protein_coding,utr3,1
chr6,159053652,159053653,PseudoU_site_3520,0.0,+,TMEM181,protein_coding,utr3,1
chr7,1542691,1542692,PseudoU_site_3528,0.0,-,INTS1,protein_coding,cds,1
chr7,2703267,2703268,PseudoU_site_3531,0.0,+,TTYH3,protein_coding,utr3,1
chr7,2703522,2703523,PseudoU_site_3532,0.0,+,TTYH3,protein_coding,utr3,1
chr7,6629851,6629852,PseudoU_site_3539,0.0,+,C7orf26,protein_coding,utr5,1
chr7,6648037,6648038,PseudoU_site_3541,0.0,+,C7orf26,protein_coding,utr3,1
chr7,7278042,7278043,PseudoU_site_3544,0.0,+,C1GALT1,protein_coding,cds,1
chr7,12272660,12272661,PseudoU_site_3546,0.0,+,TMEM106B,protein_coding,utr3,1
chr7,25175862,25175863,PseudoU_site_3554,0.0,-,C7orf31,protein_coding,cds,1
chr7,27871506,27871507,PseudoU_site_3556,0.0,-,JAZF1,protein_coding,utr3,1
chr7,27872225,27872226,PseudoU_site_3557,0.0,-,JAZF1,protein_coding,utr3,1
chr7,29962600,29962601,PseudoU_site_3558,0.0,-,SCRN1,protein_coding,utr3,1
chr7,44923735,44923736,PseudoU_site_3565,0.0,-,PURB,protein_coding,utr3,1
chr7,63814909,63814910,PseudoU_site_3575,0.0,+,ZNF736,protein_coding,utr3,1
chr7,64864419,64864420,PseudoU_site_3578,0.0,+,ZNF92,protein_coding,cds,1
chr7,66422224,66422225,PseudoU_site_3579,0.0,+,TMEM248,protein_coding,utr3,1
chr7,77269311,77269312,PseudoU_site_3592,0.0,+,PTPN12,protein_coding,utr3,1
chr7,77408718,77408719,PseudoU_site_3594,0.0,+,RSBN1L,protein_coding,utr3,1
chr7,92163977,92163978,PseudoU_site_3605,0.0,+,RBM48,protein_coding,cds,1
chr7,105732132,105732133,PseudoU_site_3625,0.0,-,SYPL1,protein_coding,utr3,1
chr7,106843903,106843904,PseudoU_site_3626,0.0,-,COG5,protein_coding,utr3,1
chr7,106844054,106844055,PseudoU_site_3627,0.0,-,COG5,protein_coding,cds,1
chr7,114658077,114658078,PseudoU_site_3630,0.0,+,MDFIC,protein_coding,utr3,1
chr7,123334857,123334858,PseudoU_site_3633,0.0,-,WASL,protein_coding,cds,1
chr7,133978469,133978470,PseudoU_site_3642,0.0,-,SLC35B4,protein_coding,utr3,1
chr7,139219566,139219567,PseudoU_site_3647,0.0,+,CLEC2L,protein_coding,intron,1
chr7,139838923,139838924,PseudoU_site_3648,0.0,-,KDM7A,protein_coding,cds,1
chr7,143088049,143088050,PseudoU_site_3653,0.0,+,ZYX,protein_coding,utr3,1
chr7,143088105,143088106,PseudoU_site_3654,0.0,+,ZYX,protein_coding,utr3,1
chr7,149152637,149152638,PseudoU_site_3658,0.0,-,ZNF777,protein_coding,cds,1
chr7,149170842,149170843,PseudoU_site_3659,0.0,-,ZNF746,protein_coding,utr3,1
chr7,150778380,150778381,PseudoU_site_3663,0.0,-,TMUB1,protein_coding,utr3,1
chr7,155572920,155572921,PseudoU_site_3670,0.0,+,RBM33,protein_coding,utr3,1
chr8,8748354,8748355,PseudoU_site_3679,0.0,-,MFHAS1,protein_coding,cds,1
chr8,9639364,9639365,PseudoU_site_3680,0.0,+,TNKS,protein_coding,utr3,1
chr8,17402103,17402104,PseudoU_site_3685,0.0,+,SLC7A2,protein_coding,cds,1
chr8,17424264,17424265,PseudoU_site_3686,0.0,+,SLC7A2,protein_coding,utr3,1
chr8,22262333,22262334,PseudoU_site_3691,0.0,+,SLC39A14,protein_coding,cds,1
chr8,22432941,22432942,PseudoU_site_3692,0.0,+,SORBS3,protein_coding,utr3,1
chr8,26364997,26364998,PseudoU_site_3696,0.0,-,PNMA2,protein_coding,utr3,1
chr8,30700481,30700482,PseudoU_site_3703,0.0,-,TEX15,protein_coding,cds,1
chr8,38132948,38132949,PseudoU_site_3708,0.0,-,WHSC1L1,protein_coding,utr3,1
chr8,41368292,41368293,PseudoU_site_3711,0.0,+,GOLGA7,protein_coding,utr3,1
chr8,57873900,57873901,PseudoU_site_3722,0.0,-,IMPAD1,protein_coding,utr3,1
chr8,61429674,61429675,PseudoU_site_3725,0.0,+,RAB2A,protein_coding,utr5,1
chr8,68107925,68107926,PseudoU_site_3734,0.0,+,CSPP1,protein_coding,utr3,1
chr8,73959895,73959896,PseudoU_site_3757,0.0,+,TERF1,protein_coding,utr3,1
chr8,77895959,77895960,PseudoU_site_3760,0.0,-,PEX2,protein_coding,cds,1
chr8,79514443,79514444,PseudoU_site_3761,0.0,+,PKIA,protein_coding,utr3,1
chr8,80676524,80676525,PseudoU_site_3762,0.0,-,HEY1,protein_coding,utr3,1
chr8,95782768,95782769,PseudoU_site_3769,0.0,+,DPY19L4,protein_coding,cds,1
chr8,95802796,95802797,PseudoU_site_3770,0.0,+,DPY19L4,protein_coding,utr3,1
chr8,98788265,98788266,PseudoU_site_3776,0.0,+,LAPTM4B,protein_coding,cds,1
chr8,103217553,103217554,PseudoU_site_3782,0.0,-,RRM2B,protein_coding,utr3,1
chr8,104082203,104082204,PseudoU_site_3783,0.0,+,ATP6V1C1,protein_coding,utr3,1
chr8,143808763,143808764,PseudoU_site_3807,0.0,+,THEM6,protein_coding,utr5,1
chr8,145002139,145002140,PseudoU_site_3812,0.0,-,PLEC,protein_coding,cds,1
chr8,145007415,145007416,PseudoU_site_3813,0.0,-,PLEC,protein_coding,cds,1
chr9,4586826,4586827,PseudoU_site_3823,0.0,+,SLC1A1,protein_coding,utr3,1
chr9,19060136,19060137,PseudoU_site_3836,0.0,-,HAUS6,protein_coding,cds,1
chr9,27056356,27056357,PseudoU_site_3837,0.0,+,IFT74,protein_coding,cds,1
chr9,32419084,32419085,PseudoU_site_3839,0.0,+,ACO1,protein_coding,cds,1
chr9,33370395,33370396,PseudoU_site_3842,0.0,+,NFX1,protein_coding,utr3,1
chr9,33922530,33922531,PseudoU_site_3843,0.0,-,UBAP2,protein_coding,cds,1
chr9,34610863,34610864,PseudoU_site_3845,0.0,-,RPP25L,protein_coding,cds,1
chr9,35079815,35079816,PseudoU_site_3849,0.0,-,FANCG,protein_coding,utr5,1
chr9,37512412,37512413,PseudoU_site_3854,0.0,-,FBXO10,protein_coding,utr3,1
chr9,74489927,74489928,PseudoU_site_3859,0.0,-,ABHD17B,protein_coding,cds,1
chr9,77598720,77598721,PseudoU_site_3864,0.0,-,C9orf41,protein_coding,cds,1
chr9,79001092,79001093,PseudoU_site_3865,0.0,-,RFK,protein_coding,utr3,1
chr9,80031022,80031023,PseudoU_site_3868,0.0,+,VPS13A,protein_coding,utr3,1
chr9,80031715,80031716,PseudoU_site_3869,0.0,+,VPS13A,protein_coding,utr3,1
chr9,85595655,85595656,PseudoU_site_3871,0.0,-,RASEF,protein_coding,utr3,1
chr9,88622342,88622343,PseudoU_site_3873,0.0,+,NAA35,protein_coding,cds,1
chr9,96327604,96327605,PseudoU_site_3879,0.0,+,FAM120A,protein_coding,utr3,1
chr9,99522403,99522404,PseudoU_site_3888,0.0,-,ZNF510,protein_coding,cds,1
chr9,101494678,101494679,PseudoU_site_3889,0.0,-,ANKS6,protein_coding,utr3,1
chr9,103062925,103062926,PseudoU_site_3894,0.0,+,INVS,protein_coding,cds,1
chr9,107513389,107513390,PseudoU_site_3897,0.0,+,NIPSNAP3A,protein_coding,cds,1
chr9,111705257,111705258,PseudoU_site_3900,0.0,-,CTNNAL1,protein_coding,cds,1
chr9,115233075,115233076,PseudoU_site_3903,0.0,+,HSDL2,protein_coding,utr3,1
chr9,119462377,119462378,PseudoU_site_3906,0.0,+,TRIM32,protein_coding,utr3,1
chr9,124534938,124534939,PseudoU_site_3908,0.0,+,DAB2IP,protein_coding,cds,1
chr9,125589020,125589021,PseudoU_site_3910,0.0,-,PDCL,protein_coding,cds,1
chr9,125866424,125866425,PseudoU_site_3911,0.0,+,RABGAP1,protein_coding,utr3,1
chr9,127113175,127113176,PseudoU_site_3913,0.0,+,NEK6,protein_coding,cds,1
chr9,127940930,127940931,PseudoU_site_3918,0.0,-,PPP6C,protein_coding,intron,1
chr9,131152809,131152810,PseudoU_site_3922,0.0,+,URM1,protein_coding,utr3,1
chr9,131339433,131339434,PseudoU_site_3923,0.0,+,SPTAN1,protein_coding,cds,1
chr9,131911089,131911090,PseudoU_site_3926,0.0,+,PPP2R4,protein_coding,utr3,1
chr9,132897686,132897687,PseudoU_site_3928,0.0,+,GPR107,protein_coding,utr3,1
chr9,132901431,132901432,PseudoU_site_3929,0.0,+,GPR107,protein_coding,utr3,1
chr9,133513279,133513280,PseudoU_site_3931,0.0,+,FUBP3,protein_coding,utr3,1
chr9,136228690,136228691,PseudoU_site_3936,0.0,-,SURF4,protein_coding,utr3,1
chr9,136230059,136230060,PseudoU_site_3937,0.0,-,SURF4,protein_coding,utr3,1
chr9,139289773,139289774,PseudoU_site_3941,0.0,-,SNAPC4,protein_coding,cds,1
chr9,139292821,139292822,PseudoU_site_3942,0.0,-,SNAPC4,protein_coding,cds,1
chr9,139317899,139317900,PseudoU_site_3943,0.0,+,PMPCA,protein_coding,utr3,1
chr9,140195504,140195505,PseudoU_site_3948,0.0,-,NRARP,protein_coding,utr3,1
chrX,3522739,3522740,PseudoU_site_3974,0.0,-,PRKX,protein_coding,utr3,1
chrX,7269966,7269967,PseudoU_site_3975,0.0,+,STS,protein_coding,utr3,1
chrX,7270382,7270383,PseudoU_site_3976,0.0,+,STS,protein_coding,utr3,1
chrX,9685887,9685888,PseudoU_site_3977,0.0,+,TBL1X,protein_coding,utr3,1
chrX,15844139,15844140,PseudoU_site_3978,0.0,-,AP1S2,protein_coding,utr3,1
chrX,20154386,20154387,PseudoU_site_3982,0.0,-,EIF1AX,protein_coding,intron,1
chrX,23697343,23697344,PseudoU_site_3985,0.0,+,PRDX4,protein_coding,cds,1
chrX,30848048,30848049,PseudoU_site_3992,0.0,-,TAB3,protein_coding,utr3,1
chrX,48776228,48776229,PseudoU_site_4007,0.0,-,PIM2,protein_coding,utr5,1
chrX,54469899,54469900,PseudoU_site_4012,0.0,+,TSR2,protein_coding,cds,1
chrX,54471637,54471638,PseudoU_site_4013,0.0,+,TSR2,protein_coding,utr3,1
chrX,54472490,54472491,PseudoU_site_4014,0.0,-,FGD1,protein_coding,utr3,1
chrX,54587110,54587111,PseudoU_site_4015,0.0,+,GNL3L,protein_coding,utr3,1
chrX,55207993,55207994,PseudoU_site_4017,0.0,-,MTRNR2L10,protein_coding,utr3,1
chrX,57622407,57622408,PseudoU_site_4019,0.0,+,ZXDB,protein_coding,utr3,1
chrX,64960509,64960510,PseudoU_site_4021,0.0,+,MSN,protein_coding,utr3,1
chrX,64960742,64960743,PseudoU_site_4022,0.0,+,MSN,protein_coding,utr3,2
chrX,70149738,70149739,PseudoU_site_4027,0.0,-,SLC7A3,protein_coding,cds,1
chrX,71813075,71813076,PseudoU_site_4032,0.0,-,PHKA1,protein_coding,cds,1
chrX,73753518,73753519,PseudoU_site_4034,0.0,+,SLC16A2,protein_coding,utr3,1
chrX,73805925,73805926,PseudoU_site_4035,0.0,-,RLIM,protein_coding,utr3,1
chrX,74296430,74296431,PseudoU_site_4037,0.0,-,ABCB7,protein_coding,cds,1
chrX,84526362,84526363,PseudoU_site_4040,0.0,+,ZNF711,protein_coding,cds,1
chrX,100387236,100387237,PseudoU_site_4044,0.0,+,CENPI,protein_coding,cds,1
chrX,100402973,100402974,PseudoU_site_4045,0.0,+,CENPI,protein_coding,cds,1
chrX,100669053,100669054,PseudoU_site_4048,0.0,+,HNRNPH2,protein_coding,utr3,1
chrX,100880541,100880542,PseudoU_site_4049,0.0,+,ARMCX3,protein_coding,cds,1
chrX,102930860,102930861,PseudoU_site_4051,0.0,-,MORF4L2,protein_coding,utr3,1
chrX,106894138,106894139,PseudoU_site_4053,0.0,+,PRPS1,protein_coding,utr3,1
chrX,114952918,114952919,PseudoU_site_4063,0.0,-,RP1-241P17.4,protein_coding,utr3,1
chrX,117875002,117875003,PseudoU_site_4066,0.0,+,IL13RA1,protein_coding,cds,1
chrX,118377499,118377500,PseudoU_site_4067,0.0,+,PGRMC1,protein_coding,utr3,1
chrX,118672811,118672812,PseudoU_site_4069,0.0,-,CXorf56,protein_coding,utr3,1
chrX,119007285,119007286,PseudoU_site_4072,0.0,+,NDUFA1,protein_coding,cds,1
chrX,128726342,128726343,PseudoU_site_4081,0.0,+,OCRL,protein_coding,utr3,2
chrX,131761404,131761405,PseudoU_site_4083,0.0,-,HS6ST2,protein_coding,utr3,1
chrX,132669981,132669982,PseudoU_site_4084,0.0,-,GPC3,protein_coding,utr3,1
chrX,132888071,132888072,PseudoU_site_4085,0.0,-,GPC3,protein_coding,cds,1
chrX,134125281,134125282,PseudoU_site_4087,0.0,+,SMIM10,protein_coding,cds,1
chrX,135292216,135292217,PseudoU_site_4092,0.0,+,FHL1,protein_coding,utr3,1
chrX,135292669,135292670,PseudoU_site_4093,0.0,+,FHL1,protein_coding,utr3,1
chrX,135292693,135292694,PseudoU_site_4094,0.0,+,FHL1,protein_coding,utr3,1
chrX,135747892,135747893,PseudoU_site_4096,0.0,-,ARHGEF6,protein_coding,utr3,1
chrX,152037764,152037765,PseudoU_site_4104,0.0,+,NSDHL,protein_coding,utr3,1
chrX,152966032,152966033,PseudoU_site_4107,0.0,-,BCAP31,protein_coding,utr3,1
chrX,152968483,152968484,PseudoU_site_4108,0.0,-,BCAP31,protein_coding,cds,1
chrX,153052355,153052356,PseudoU_site_4110,0.0,-,IDH3G,protein_coding,cds,1
chrX,153290111,153290112,PseudoU_site_4112,0.0,-,MECP2,protein_coding,utr3,1
chrX,154488042,154488043,PseudoU_site_4121,0.0,-,RAB39B,protein_coding,utr3,1
